"MDR_REPORT_KEY|DEVICE_EVENT_KEY|IMPLANT_FLAG|DATE_REMOVED_FLAG|DEVICE_SEQUENCE_NO|DATE_RECEIVED|BRAND_NAME|GENERIC_NAME|MANUFACTURER_D_NAME|MANUFACTURER_D_ADDRESS_1|MANUFACTURER_D_ADDRESS_2|MANUFACTURER_D_CITY|MANUFACTURER_D_STATE_CODE|MANUFACTURER_D_ZIP_CODE|MANUFACTURER_D_ZIP_CODE_EXT|MANUFACTURER_D_COUNTRY_CODE|MANUFACTURER_D_POSTAL_CODE|DEVICE_OPERATOR|EXPIRATION_DATE_OF_DEVICE|MODEL_NUMBER|CATALOG_NUMBER|LOT_NUMBER|OTHER_ID_NUMBER|DEVICE_AVAILABILITY|DATE_RETURNED_TO_MANUFACTURER|DEVICE_REPORT_PRODUCT_CODE|DEVICE_AGE_TEXT|DEVICE_EVALUATED_BY_MANUFACTUR|COMBINATION_PRODUCT_FLAG"
"7491296||||1|2019/03/06|PARADIGM REAL-TIME INSULIN INFUSION PUMP MMT-722NAS|PUMP, INFUSION, INSULIN, TO BE USED WITH INVASIVE GLUCOSE SENSOR|MEDTRONIC PUERTO RICO OPERATIONS CO.|CEIBA NORTE IND. PARK #50 ROAD||JUNCOS||00777|-386||00777-3869|0LP||MMT-722NAS|MMT-722NAS|A4722NASJ||R|2018/04/11|OYC|DA|R|N"
"7811695||||1|2019/03/08|MONOPOLAR ACTIVE CORD, BOVIE/VALLEYLAB GENERATORS|MONOPOLAR ACTIVE CORD|GYRUS ACMI, INC|136 TURNPIKE ROAD||SOUTHBOROUGH|MA|01772||US|01772|0HP||C650-129A|C650-129A|1K||R|2019/02/07|FAS|DA|Y|N"
"7987287||||1|2019/07/18|PARADIGM REAL-TIME REVEL INSULIN INFUSION PUMP MMT-723LNAL|PUMP, INFUSION, INSULIN, TO BE USED WITH INVASIVE GLUCOSE SENSOR|MEDTRONIC PUERTO RICO OPERATIONS CO.|CEIBA NORTE IND. PARK #50 ROAD||JUNCOS||00777|-386||00777-3869|0LP||MMT-723LNAL|MMT-723LNAL|A5723LNALJ||R|2019/07/10|OYC|DA|R|N"
"8033177||||1|2019/02/06|PROMAX¿ SERIES BARD® C-MAX¿ CUTTING LOOP|CUTTING LOOP|C.R. BARD, INC. (COVINGTON) -1018233|8195 INDUSTRIAL BLVD||COVINGTON|GA|30014||US|30014|0HP||355314|355314|UNK||N||FAS|DA|R|N"
"8155636||||1|2019/01/03|ENDO ANCHOR SYSTEM - HELI-FX AAA|ENDOVASCULAR SUTURING SYSTEM|MEDTRONIC IRELAND|PARKMORE BUSINESS PARK WEST||GALWAY||||||0HP||SA-85|SA-85|||N||OTD|DA|*|N"
"8207324||||1|2019/01/01|V60 VENTILATOR|VENTILATOR, CONTINUOUS, MINIMAL VENTILATORY SUPPORT,FACILITY USE|RESPIRONICS CALIFORNIA, INC|2271 COSMOS COURT||CARLSBAD|CA|92011||US|92011|I||V60||||Y||MNT|DA|Y|N"
"8207325||||1|2019/01/01|V60 VENTILATOR|VENTILATOR, CONTINUOUS, MINIMAL VENTILATORY SUPPORT,FACILITY USE|RESPIRONICS CALIFORNIA, INC|2271 COSMOS COURT||CARLSBAD|CA|92011||US|92011|I||V60||||Y||MNT||Y|N"
"8207326||||1|2019/01/01|V60 VENTILATOR|VENTILATOR, CONTINUOUS, MINIMAL VENTILATORY SUPPORT,FACILITY USE|RESPIRONICS CALIFORNIA, INC|2271 COSMOS COURT||CARLSBAD|CA|92011||US|92011|I||V60||||Y||MNT||Y|N"
"8207327||||1|2019/01/01|V60 VENTILATOR|VENTILATOR, CONTINUOUS, MINIMAL VENTILATORY SUPPORT,FACILITY USE|RESPIRONICS CALIFORNIA, INC|2271 COSMOS COURT||CARLSBAD|CA|92011||US|92011|I||V60||||Y||MNT|DA|Y|N"
"8207328||||1|2019/01/01|V60 VENTILATOR|VENTILATOR, CONTINUOUS, MINIMAL VENTILATORY SUPPORT,FACILITY USE|RESPIRONICS CALIFORNIA, INC|2271 COSMOS COURT||CARLSBAD|CA|92011||US|92011|I||V60||||Y||MNT|DA|Y|N"
"8207329||||1|2019/01/01|UNIFY ASSURA ICD|IMPLANTABLE CARDIOVERTER DEFIBRILLATOR|ST. JUDE MEDICAL, INC.|645 ALMANOR AVENUE||SUNNYVALE|CA|94085||US|94085|0HP|2016/03/31|CD3361-40QC||4546739||R|2018/12/26|NIK|DA|Y|N"
"8207330||||1|2019/01/01|OT ULTRA2 METER|GLUCOSE MONITORING SYS/KIT|LIFESCAN EUROPE GMBH|GUBELSTRASSE 34||ZUG||6300||SZ|6300|0LP||||3985085||N||NBW|52 MO||Y"
"8207331||||1|2019/01/01|OT VERIO FLEX METER|GLUCOSE MONITORING SYS/KIT|LIFESCAN EUROPE GMBH|GUBELSTRASSE 34||ZUG||6300||SZ|6300|0LP||||4462983||N||NBW|13 MO||Y"
"8207332||||1|2019/01/01|MERGE UNITY PACS|PICTURE AND ARCHIVING COMMUNICATIONS SYSTEM|MERGE HEALTHCARE|900 WALNUT RIDGE DRIVE||HARTLAND|WI|53029||US|53029|0HP||UNITY PACS R11.1.2.5||||Y||LLZ||R|N"
"8207333||||1|2019/01/01|MERGE UNITY PACS|PICTURE AND ARCHIVING COMMUNICATIONS SYSTEM|MERGE HEALTHCARE|900 WALNUT RIDGE DRIVE||HARTLAND|WI|53029||US|53029|0HP||MERGE UNITY PACS R11.1.2.5||||Y||LLZ||Y|N"
"8207334||||1|2019/01/01|MERGE UNITY PACS|PICTURE ARCHIVING COMMUNICATIONS SYSTEM|MERGE HEALTHCARE|900 WALNUT RIDGE DRIVE||HARTLAND|WI|53029||US|53029|0HP||MERGE UNITY PACS R11.2.1||||Y||LLZ|DA|Y|N"
"8207335||||1|2019/01/01|DARIO BLOOD GLUCOSE MONITORING SYSTEM|NBW|LABSTYLE INNOVATIONS LTD.|8 HATOKHEN ST.|NORTH INDUSTRIAL PARK|CAESAREA,||30889|00|IS|3088900|I||1021-04||1805281||N||NBW||N|N"
"8207336||||1|2019/01/01|SYNCHROMED II|PUMP, INFUSION, IMPLANTED, PROGRAMMABLE|MEDTRONIC PUERTO RICO OPERATIONS CO.|ROAD 31, KM. 24, HM 4|CEIBA NORTE INDUSTRIAL PARK|JUNCOS|PR|00777||US|00777|0HP|2016/11/14|8637-40|8637-40|||R|2019/01/30|LKK|DA|Y|N"
"8207337||||1|2019/01/01|SYNCHROMED II|PUMP, INFUSION, IMPLANTED, PROGRAMMABLE|MEDTRONIC PUERTO RICO OPERATIONS CO.|ROAD 31, KM. 24, HM 4|CEIBA NORTE INDUSTRIAL PARK|JUNCOS|PR|00777||US|00777|0HP|2020/03/28|8637-40|8637-40|||N||LKK||*|N"
"8207338||||1|2019/01/01|ARCHITECT CA 19-9XR|CA 19-9|ABBOTT GERMANY|MAX-PLANCK-RING 2||WIESBADEN||65205||GM|65205|0HP|2018/12/21||02K91-39|84018M800||Y||NIG|DA|Y|N"
"8207339||||1|2019/01/01|OMNIPOD INSULIN PUMP|PUMP, INFUSION, INSULIN|INSULET CORPORATION|600 TECHNOLOGY PARK DRIVE|SUITE 200|BILLERICA|MA|01821||US|01821|0LP|2020/02/03|14000|ZXP425|L44092||R|2018/12/31|LZG|DA|Y|N"
"8207340||||1|2019/01/01|ARTICULEZE M HEAD 36MM +1.5|ARTICULEZE HEAD (12/14 TAPER) : HIP METAL FEMORAL HEADS|DEPUY ORTHOPAEDICS INC US|700 ORTHOPAEDIC DRIVE||WARSAW|IN|46582|0988|US|465820988|0HP|2013/05/31||136551000|2639700||N||JDI|DA|R|N"
"8207341||||1|2019/01/01|OMNIPOD INSULIN PUMP|PUMP, INFUSION, INSULIN|INSULET CORPORATION|600 TECHNOLOGY PARK DRIVE|SUITE 200|BILLERICA|MA|01821||US|01821|0LP||14000|ZXP425|||N||LZG||R|N"
"8207342||||1|2019/01/01|SUMMIT DUOFIX TAP SZ6 HI OFF|SUMMIT HIP STEM : HIP FEMORAL STEM|DEPUY ORTHOPAEDICS INC US|700 ORTHOPAEDIC DRIVE||WARSAW|IN|46582|0988|US|465820988|0HP|||157012120|CD1JA1000||N||LPH|DA|R|N"
"8207343||||1|2019/01/01|OMNIPOD INSULIN PUMP|PUMP, INFUSION, INSULIN|INSULET CORPORATION|600 TECHNOLOGY PARK DRIVE|SUITE 200|BILLERICA|MA|01821||US|01821|0LP|2019/09/27|14000|ZXP425|L43765||R|2018/12/31|LZG|DA|Y|N"
"8207344||||1|2019/01/01|OMNIPOD INSULIN PUMP|PUMP, INFUSION, INSULIN|INSULET CORPORATION|600 TECHNOLOGY PARK DRIVE|SUITE 200|BILLERICA|MA|01821||US|01821|0LP|2019/09/21|14000|ZXP425|L43751||R|2019/01/07|LZG|DA|Y|N"
"8207345||||1|2019/01/01|HEARTWARE VENTRICULAR ASSIST SYSTEM - PUMP|VENTRICULAR (ASSIST) BYPASS|HEARTWARE, INC.|14400 NW 60TH AVE||MIAMI LAKES|FL|33014||US|33014|0LP|2020/05/31|1103|1103|||R|2019/03/08|DSQ|DA|Y|N"
"8207346||||1|2019/01/01|OMNIPOD INSULIN PUMP|PUMP, INFUSION, INSULIN|INSULET CORPORATION|600 TECHNOLOGY PARK DRIVE|SUITE 200|BILLERICA|MA|01821||US|01821|0LP||14000|ZXP425|L44015||R|2019/01/07|LZG|DA|Y|N"
"8207347||||1|2019/01/01|OMNIPOD INSULIN PUMP|PUMP, INFUSION, INSULIN|INSULET CORPORATION|600 TECHNOLOGY PARK DRIVE|SUITE 200|BILLERICA|MA|01821||US|01821|0LP||14000|ZXP425|||N||LZG||R|N"
"8207348||||1|2019/01/01|OMNIPOD INSULIN PUMP|PUMP, INFUSION, INSULIN|INSULET CORPORATION|600 TECHNOLOGY PARK DRIVE|SUITE 200|BILLERICA|MA|01821||US|01821|0LP|2020/01/10|14000|ZXP425|L44024||R|2018/12/31|LZG|DA|Y|N"
"8207349||||1|2019/01/01|OMNIPOD INSULIN PUMP|PUMP, INFUSION, INSULIN|INSULET CORPORATION|600 TECHNOLOGY PARK DRIVE|SUITE 200|BILLERICA|MA|01821||US|01821|0LP|2020/01/06|14000|ZXP425|L44018||N||LZG||R|N"
"8207350||||1|2019/01/01|OMNIPOD INSULIN PUMP|PUMP, INFUSION, INSULIN|INSULET CORPORATION|600 TECHNOLOGY PARK DRIVE|SUITE 200|BILLERICA|MA|01821||US|01821|0LP||14000|ZXP425|||N||LZG||R|N"
"8207351||||1|2019/01/01|OMNIPOD INSULIN PUMP|PUMP, INFUSION, INSULIN|INSULET CORPORATION|600 TECHNOLOGY PARK DRIVE|SUITE 200|BILLERICA|MA|01821||US|01821|0LP||14000|ZXP425|||N||LZG||R|N"
"8207352||||1|2019/01/01|CD HORIZON SPINAL SYSTEM|APPLIANCE, FIXATION, SPINAL INTERLAMINAL|MEDTRONIC SOFAMOR DANEK USA, INC|4340 SWINEA RD||MEMPHIS|TN|38118||US|38118|0HP||NA|55711015545|CA15B128||R|2019/02/22|KWP|DA|Y|N"
"8207353||||1|2019/01/01|OMNIPOD INSULIN PUMP|PUMP, INFUSION, INSULIN|INSULET CORPORATION|600 TECHNOLOGY PARK DRIVE|SUITE 200|BILLERICA|MA|01821||US|01821|0LP||14000|ZXP425|||N||LZG||R|N"
"8207354||||1|2019/01/01|CD HORIZON SPINAL SYSTEM|APPLIANCE, FIXATION, SPINAL INTERLAMINAL|MEDTRONIC SOFAMOR DANEK USA, INC|4340 SWINEA RD||MEMPHIS|TN|38118||US|38118|0HP||NA|55711015545|CA15B128||R|2019/02/22|KWP|DA|Y|N"
"8207355||||1|2019/01/01|CD HORIZON SPINAL SYSTEM|APPLIANCE, FIXATION, SPINAL INTERLAMINAL|MDT SOFAMOR DANEK PUERTO RICO MFG|BARRIO MARIANNA RD 909, KM0.4||HUMACAO|PR|00792||US|00792|0HP||NA|55840007550|UNK||N||KWP||N|N"
"8207356||||1|2019/01/01|CD HORIZON SPINAL SYSTEM|APPLIANCE, FIXATION, SPINAL INTERLAMINAL|MDT SOFAMOR DANEK PUERTO RICO MFG|BARRIO MARIANNA RD 909, KM0.4||HUMACAO|PR|00792||US|00792|0HP||NA|55840007550|UNK||N||KWP||N|N"
"8207357||||1|2019/01/01|OMNIPOD INSULIN PUMP|PUMP, INFUSION, INSULIN|INSULET CORPORATION|600 TECHNOLOGY PARK DRIVE|SUITE 200|BILLERICA|MA|01821||US|01821|0LP|2019/12/14|14000|ZXP425|L43963||R|2018/12/31|LZG|DA|Y|N"
"8207358||||1|2019/01/01|CD HORIZON SPINAL SYSTEM|APPLIANCE, FIXATION, SPINAL INTERLAMINAL|MDT SOFAMOR DANEK PUERTO RICO MFG|BARRIO MARIANNA RD 909, KM0.4||HUMACAO|PR|00792||US|00792|0HP||NA|5440030|UNK||N||KWP|DA|N|N"
"8207359||||1|2019/01/01|OMNIPOD INSULIN PUMP|PUMP, INFUSION, INSULIN|INSULET CORPORATION|600 TECHNOLOGY PARK DRIVE|SUITE 200|BILLERICA|MA|01821||US|01821|0LP|2020/02/08|14000|ZXP425|L44103||N||LZG||R|N"
"8207360||||1|2019/01/01|OMNIPOD INSULIN PUMP|PUMP, INFUSION, INSULIN|INSULET CORPORATION|600 TECHNOLOGY PARK DRIVE|SUITE 200|BILLERICA|MA|01821||US|01821|0LP|2020/02/18|14000|ZXP425|L44132||R|2019/01/16|LZG|DA|Y|N"
"8207361||||1|2019/01/01|OMNIPOD INSULIN PUMP|PUMP, INFUSION, INSULIN|INSULET CORPORATION|600 TECHNOLOGY PARK DRIVE|SUITE 200|BILLERICA|MA|01821||US|01821|0LP|2020/03/05|14000|ZXP425|L44187||R|2018/12/31|LZG|DA|N|N"
"8207362||||1|2019/01/01|OMNIPOD INSULIN PUMP|PUMP, INFUSION, INSULIN|INSULET CORPORATION|600 TECHNOLOGY PARK DRIVE|SUITE 200|BILLERICA|MA|01821||US|01821|0LP|2020/03/05|14000|ZXP425|L44187||N||LZG||R|N"
"8207363||||1|2019/01/01|OMNIPOD INSULIN PUMP|PUMP, INFUSION, INSULIN|INSULET CORPORATION|600 TECHNOLOGY PARK DRIVE|SUITE 200|BILLERICA|MA|01821||US|01821|0LP||14000|ZXP425|||N||LZG||R|N"
"8207364||||1|2019/01/01|OMNIPOD INSULIN PUMP|PUMP, INFUSION, INSULIN|INSULET CORPORATION|600 TECHNOLOGY PARK DRIVE|SUITE 200|BILLERICA|MA|01821||US|01821|0LP|2019/10/18|14000|ZXP425|L43807||R|2018/11/30|LZG||Y|N"
"8207365||||1|2019/01/01|OMNIPOD INSULIN PUMP|PUMP, INFUSION, INSULIN|INSULET CORPORATION|600 TECHNOLOGY PARK DRIVE|SUITE 200|BILLERICA|MA|01821||US|01821|0LP||14000|ZXP425|||N||LZG||R|N"
"8207366||||1|2019/01/01|OMNIPOD INSULIN PUMP|PUMP, INFUSION, INSULIN|INSULET CORPORATION|600 TECHNOLOGY PARK DRIVE|SUITE 200|BILLERICA|MA|01821||US|01821|0LP|2020/02/10|14000|ZXP425|L44108||N||LZG||R|N"
"8207367||||1|2019/01/01|OMNIPOD INSULIN PUMP|PUMP, INFUSION, INSULIN|INSULET CORPORATION|600 TECHNOLOGY PARK DRIVE|SUITE 200|BILLERICA|MA|01821||US|01821|0LP||14000|ZXP425|||N||LZG||R|N"
"8207368||||1|2019/01/01|CLEARCUT KNIVES|KNIFE, OPHTHALMIC|ALCON RESEARCH, LLC - ALCON PRECISION DEVICE|714 COLUMBIA AVENUE||SINKING SPRING|PA|19608||US|19608|0HP||NA|8065992848|ASKU||R|2019/01/18|HNN|DA|Y|N"
"8207369||||1|2019/01/01|OMNIPOD INSULIN MANAGEMENT SYSTEM|PUMP, INFUSION, INSULIN|INSULET CORPORATION|600 TECHNOLOGY PARK DRIVE|SUITE 200|BILLERICA|MA|01821||US|01821|0LP|2019/11/11|19191|ZXP425|L43871||N||LZG||R|N"
"8207370||||1|2019/01/01|OMNIPOD INSULIN MANAGEMENT SYSTEM|PUMP, INFUSION, INSULIN|INSULET CORPORATION|600 TECHNOLOGY PARK DRIVE|SUITE 200|BILLERICA|MA|01821||US|01821|0LP|2019/12/04|19191|ZXP425|L43937||N||LZG||R|N"
"8207371||||1|2019/01/01|OMNIPOD INSULIN MANAGEMENT SYSTEM|PUMP, INFUSION, INSULIN|INSULET CORPORATION|600 TECHNOLOGY PARK DRIVE|SUITE 200|BILLERICA|MA|01821||US|01821|0LP|2019/12/04|19191|ZXP425|L43937||N||LZG||R|N"
"8207372||||1|2019/01/01|OMNIPOD INSULIN PUMP|PUMP, INFUSION, INSULIN|INSULET CORPORATION|600 TECHNOLOGY PARK DRIVE|SUITE 200|BILLERICA|MA|01821||US|01821|0LP|2020/03/05|14000|ZXP425|L44185||N||LZG||R|N"
"8207373||||1|2019/01/01|OMNIPOD INSULIN PUMP|PUMP, INFUSION, INSULIN|INSULET CORPORATION|600 TECHNOLOGY PARK DRIVE|SUITE 200|BILLERICA|MA|01821||US|01821|0LP|2020/02/15|14000|ZXP425|L44118||R|2018/12/31|LZG|DA|Y|N"
"8207374||||1|2019/01/01|V-LANCE KNIVES|KNIFE, OPHTHALMIC|ALCON RESEARCH, LLC - ALCON PRECISION DEVICE|714 COLUMBIA AVENUE||SINKING SPRING|PA|19608||US|19608|0HP||NA|8065912001|238778M||R|2019/01/23|HNN|DA|Y|N"
"8207375||||1|2019/01/01|OMNIPOD INSULIN PUMP|PUMP, INFUSION, INSULIN|INSULET CORPORATION|600 TECHNOLOGY PARK DRIVE|SUITE 200|BILLERICA|MA|01821||US|01821|0LP|2019/10/06|14000|ZXP425|L43786||R|2019/01/04|LZG|DA|Y|N"
"8207376||||1|2019/01/01|OMNIPOD INSULIN PUMP|PUMP, INFUSION, INSULIN|INSULET CORPORATION|600 TECHNOLOGY PARK DRIVE|SUITE 200|BILLERICA|MA|01821||US|01821|0LP||14000|ZXP425|||N||LZG||R|N"
"8207377||||1|2019/01/01|OMNIPOD INSULIN PUMP|PUMP, INFUSION, INSULIN|INSULET CORPORATION|600 TECHNOLOGY PARK DRIVE|SUITE 200|BILLERICA|MA|01821||US|01821|0LP||14000|ZXP425|||N||LZG||R|N"
"8207378||||1|2019/01/01|OMNIPOD INSULIN PUMP|PUMP, INFUSION, INSULIN|INSULET CORPORATION|600 TECHNOLOGY PARK DRIVE|SUITE 200|BILLERICA|MA|01821||US|01821|0LP|2020/01/28|14000|ZXP425|L44078||R|2018/12/31|LZG|DA|Y|N"
"8207379||||1|2019/01/01|OMNIPOD INSULIN PUMP|PUMP, INFUSION, INSULIN|INSULET CORPORATION|600 TECHNOLOGY PARK DRIVE|SUITE 200|BILLERICA|MA|01821||US|01821|0LP|2020/04/18|14000|ZXP425|L44297||N||LZG||R|N"
"8207380||||1|2019/01/01|VERIFY|STIMULATOR, ELECTRICAL, IMPLANTABLE, FOR INCONTINENCE|MEDTRONIC NEUROMODULATION|800 53RD AVE NE||MINNEAPOLIS|MN|55421|1200|US|554211200|0HP||3531|3531|||N||EZW||*|N"
"8207381||||1|2019/01/01|PROBE LUMBAR STEREOTAXIC INSTRUMENT|ORTHOPEDIC STEREOTAXIC INSTRUMENT|MEDTRONIC NAVIGATION, INC|826 COAL CREEK CIRCLE||LOUISVILLE|CO|80027||US|80027|0HP||9734402|9734402|120803||N||OLO||N|N"
"8207382||||1|2019/01/01|NAV LUMBAR PROBE TIP|ORTHOPEDIC STEREOTAXIC INSTRUMENT|MEDTRONIC NAVIGATION, INC|826 COAL CREEK CIRCLE||LOUISVILLE|CO|80027||US|80027|I||9734679|9734679|120829||N||OLO||N|N"
"8207383||||1|2019/01/01|HOLDING SLEEVE 55MM|GUIDE|WRIGHTS LANE SYNTHES USA PRODUCTS LLC|1302 WRIGHTS LANE EAST||WEST CHESTER|PA|19380||US|19380|0HP|||394.45|L257907||R|2018/11/16|FZX|DA|Y|N"
